image,label
imagen_669.jpg,aceituna
imagen_672.jpg,aceituna
imagen_674.jpg,aceituna
imagen_675.jpg,aceituna
imagen_676.jpg,aceituna
imagen_677.jpg,aceituna
imagen_682.jpg,aceituna
imagen_685.jpg,aceituna
imagen_687.jpg,aceituna
imagen_692.jpg,aceituna
imagen_719.jpg,aceituna
imagen_720.jpg,aceituna
imagen_721.jpg,aceituna
imagen_722.jpg,aceituna
imagen_723.jpg,aceituna
imagen_724.jpg,aceituna
imagen_727.jpg,aceituna
imagen_697.jpg,aceituna negra
imagen_698.jpg,aceituna negra
imagen_699.jpg,aceituna negra
imagen_704.jpg,aceituna negra
imagen_707.jpg,aceituna negra
imagen_708.jpg,aceituna negra
imagen_710.jpg,aceituna negra
imagen_712.jpg,aceituna negra
imagen_713.jpg,aceituna negra
imagen_715.jpg,aceituna negra
imagen_716.jpg,aceituna negra
imagen_119.jpg,ajo
imagen_120.jpg,ajo
imagen_121.jpg,ajo
imagen_122.jpg,ajo
imagen_123.jpg,ajo
imagen_124.jpg,ajo
imagen_125.jpg,ajo
imagen_126.jpg,ajo
imagen_127.jpg,ajo
imagen_128.jpg,ajo
imagen_1374.jpg,ajo
imagen_1375.jpg,ajo
imagen_1376.jpg,ajo
imagen_1377.jpg,ajo
imagen_1378.jpg,ajo
imagen_1379.jpg,ajo
imagen_1380.jpg,ajo
imagen_1381.jpg,ajo
imagen_1382.jpg,ajo
imagen_1383.jpg,ajo
imagen_1384.jpg,ajo
imagen_1385.jpg,ajo
imagen_1386.jpg,ajo
imagen_1388.jpg,ajo
imagen_1389.jpg,ajo
imagen_1390.jpg,ajo
imagen_1391.jpg,ajo
imagen_1392.jpg,ajo
imagen_1393.jpg,ajo
imagen_1394.jpg,ajo
imagen_1395.jpg,ajo
imagen_1396.jpg,ajo
imagen_1397.jpg,ajo
imagen_1399.jpg,ajo
imagen_1400.jpg,ajo
imagen_1402.jpg,ajo
imagen_1406.jpg,ajo
imagen_1408.jpg,ajo
imagen_1409.jpg,ajo
imagen_1410.jpg,ajo
imagen_1411.jpg,ajo
imagen_1412.jpg,ajo
imagen_1414.jpg,ajo
imagen_1415.jpg,ajo
imagen_1416.jpg,ajo
imagen_1419.jpg,ajo
imagen_1420.jpg,ajo
imagen_1424.jpg,ajo
imagen_1427.jpg,ajo
imagen_1428.jpg,ajo
imagen_1430.jpg,ajo
imagen_1431.jpg,ajo
imagen_1433.jpg,ajo
imagen_1436.jpg,ajo
imagen_1437.jpg,ajo
imagen_1438.jpg,ajo
imagen_1439.jpg,ajo
imagen_1441.jpg,ajo
imagen_1444.jpg,ajo
imagen_1446.jpg,ajo
imagen_1448.jpg,ajo
imagen_1455.jpg,ajo
imagen_1456.jpg,ajo
imagen_1459.jpg,ajo
imagen_1461.jpg,ajo
imagen_1462.jpg,ajo
imagen_1463.jpg,ajo
imagen_1464.jpg,ajo
imagen_1465.jpg,ajo
imagen_3590.jpg,ajo
imagen_3591.jpg,ajo
imagen_3592.jpg,ajo
imagen_3593.jpg,ajo
imagen_3594.jpg,ajo
imagen_3595.jpg,ajo
imagen_3596.jpg,ajo
imagen_3597.jpg,ajo
imagen_3598.jpg,ajo
imagen_3599.jpg,ajo
imagen_359.jpg,anquito
imagen_361.jpg,anquito
imagen_362.jpg,anquito
imagen_363.jpg,anquito
imagen_364.jpg,anquito
imagen_365.jpg,anquito
imagen_367.jpg,anquito
imagen_368.jpg,anquito
imagen_371.jpg,anquito
imagen_372.jpg,anquito
imagen_373.jpg,anquito
imagen_465.jpg,apio
imagen_466.jpg,apio
imagen_467.jpg,apio
imagen_468.jpg,apio
imagen_474.jpg,apio
imagen_475.jpg,apio
imagen_481.jpg,apio
imagen_482.jpg,apio
imagen_483.jpg,apio
imagen_484.jpg,apio
imagen_485.jpg,apio
imagen_486.jpg,apio
imagen_489.jpg,apio
imagen_492.jpg,apio
imagen_495.jpg,apio
imagen_496.jpg,apio
imagen_501.jpg,apio
imagen_504.jpg,apio
imagen_519.jpg,apio
imagen_521.jpg,apio
imagen_522.jpg,apio
imagen_526.jpg,apio
imagen_527.jpg,apio
imagen_239.jpg,arveja
imagen_240.jpg,arveja
imagen_241.jpg,arveja
imagen_242.jpg,arveja
imagen_243.jpg,arveja
imagen_244.jpg,arveja
imagen_245.jpg,arveja
imagen_246.jpg,arveja
imagen_247.jpg,arveja
imagen_248.jpg,arveja
imagen_2410.jpg,arveja
imagen_2411.jpg,arveja
imagen_2412.jpg,arveja
imagen_2413.jpg,arveja
imagen_2414.jpg,arveja
imagen_2415.jpg,arveja
imagen_2416.jpg,arveja
imagen_2417.jpg,arveja
imagen_2418.jpg,arveja
imagen_2419.jpg,arveja
imagen_2420.jpg,arveja
imagen_2421.jpg,arveja
imagen_2422.jpg,arveja
imagen_2423.jpg,arveja
imagen_2424.jpg,arveja
imagen_2425.jpg,arveja
imagen_2426.jpg,arveja
imagen_2427.jpg,arveja
imagen_2433.jpg,arveja
imagen_2435.jpg,arveja
imagen_2436.jpg,arveja
imagen_2437.jpg,arveja
imagen_2438.jpg,arveja
imagen_2439.jpg,arveja
imagen_2440.jpg,arveja
imagen_2441.jpg,arveja
imagen_2444.jpg,arveja
imagen_2449.jpg,arveja
imagen_2452.jpg,arveja
imagen_2454.jpg,arveja
imagen_2455.jpg,arveja
imagen_2456.jpg,arveja
imagen_2457.jpg,arveja
imagen_2458.jpg,arveja
imagen_2464.jpg,arveja
imagen_2465.jpg,arveja
imagen_2466.jpg,arveja
imagen_2467.jpg,arveja
imagen_2468.jpg,arveja
imagen_2473.jpg,arveja
imagen_2480.jpg,arveja
imagen_2483.jpg,arveja
imagen_2488.jpg,arveja
imagen_2495.jpg,arveja
imagen_2506.jpg,arveja
imagen_2507.jpg,arveja
imagen_2508.jpg,arveja
imagen_277.jpg,batata
imagen_278.jpg,batata
imagen_319.jpg,batata
imagen_320.jpg,batata
imagen_322.jpg,batata
imagen_325.jpg,batata
imagen_328.jpg,batata
imagen_2692.jpg,batata
imagen_2703.jpg,batata
imagen_2747.jpg,batata
imagen_3131.jpg,batata
imagen_3132.jpg,batata
imagen_3133.jpg,batata
imagen_3134.jpg,batata
imagen_3135.jpg,batata
imagen_3136.jpg,batata
imagen_3137.jpg,batata
imagen_3138.jpg,batata
imagen_3139.jpg,batata
imagen_3140.jpg,batata
imagen_3141.jpg,batata
imagen_3143.jpg,batata
imagen_3145.jpg,batata
imagen_3148.jpg,batata
imagen_3149.jpg,batata
imagen_3152.jpg,batata
imagen_3154.jpg,batata
imagen_3156.jpg,batata
imagen_3157.jpg,batata
imagen_3158.jpg,batata
imagen_3159.jpg,batata
imagen_3162.jpg,batata
imagen_3164.jpg,batata
imagen_3166.jpg,batata
imagen_3168.jpg,batata
imagen_3173.jpg,batata
imagen_3181.jpg,batata
imagen_3182.jpg,batata
imagen_3183.jpg,batata
imagen_3186.jpg,batata
imagen_3187.jpg,batata
imagen_3191.jpg,batata
imagen_3192.jpg,batata
imagen_3193.jpg,batata
imagen_3194.jpg,batata
imagen_3195.jpg,batata
imagen_3196.jpg,batata
imagen_3198.jpg,batata
imagen_3199.jpg,batata
imagen_109.jpg,berenjena
imagen_110.jpg,berenjena
imagen_111.jpg,berenjena
imagen_112.jpg,berenjena
imagen_113.jpg,berenjena
imagen_115.jpg,berenjena
imagen_116.jpg,berenjena
imagen_117.jpg,berenjena
imagen_1290.jpg,berenjena
imagen_1293.jpg,berenjena
imagen_1294.jpg,berenjena
imagen_1295.jpg,berenjena
imagen_1296.jpg,berenjena
imagen_1300.jpg,berenjena
imagen_1301.jpg,berenjena
imagen_1302.jpg,berenjena
imagen_1305.jpg,berenjena
imagen_1309.jpg,berenjena
imagen_1310.jpg,berenjena
imagen_1311.jpg,berenjena
imagen_1312.jpg,berenjena
imagen_1313.jpg,berenjena
imagen_1314.jpg,berenjena
imagen_1315.jpg,berenjena
imagen_1319.jpg,berenjena
imagen_1320.jpg,berenjena
imagen_1322.jpg,berenjena
imagen_1325.jpg,berenjena
imagen_1327.jpg,berenjena
imagen_1335.jpg,berenjena
imagen_1336.jpg,berenjena
imagen_1339.jpg,berenjena
imagen_1342.jpg,berenjena
imagen_1345.jpg,berenjena
imagen_1361.jpg,berenjena
imagen_1367.jpg,berenjena
imagen_1368.jpg,berenjena
imagen_1369.jpg,berenjena
imagen_1370.jpg,berenjena
imagen_1373.jpg,berenjena
imagen_3580.jpg,berenjena
imagen_3581.jpg,berenjena
imagen_3582.jpg,berenjena
imagen_3583.jpg,berenjena
imagen_3584.jpg,berenjena
imagen_3586.jpg,berenjena
imagen_3587.jpg,berenjena
imagen_3588.jpg,berenjena
imagen_379.jpg,brocoli
imagen_380.jpg,brocoli
imagen_386.jpg,brocoli
imagen_387.jpg,brocoli
imagen_388.jpg,brocoli
imagen_389.jpg,brocoli
imagen_390.jpg,brocoli
imagen_391.jpg,brocoli
imagen_393.jpg,brocoli
imagen_394.jpg,brocoli
imagen_395.jpg,brocoli
imagen_396.jpg,brocoli
imagen_397.jpg,brocoli
imagen_398.jpg,brocoli
imagen_399.jpg,brocoli
imagen_401.jpg,brocoli
imagen_403.jpg,brocoli
imagen_404.jpg,brocoli
imagen_405.jpg,brocoli
imagen_406.jpg,brocoli
imagen_199.jpg,cebolla
imagen_201.jpg,cebolla
imagen_203.jpg,cebolla
imagen_205.jpg,cebolla
imagen_206.jpg,cebolla
imagen_207.jpg,cebolla
imagen_2075.jpg,cebolla
imagen_2077.jpg,cebolla
imagen_2078.jpg,cebolla
imagen_2082.jpg,cebolla
imagen_2083.jpg,cebolla
imagen_2084.jpg,cebolla
imagen_2085.jpg,cebolla
imagen_2086.jpg,cebolla
imagen_2087.jpg,cebolla
imagen_2089.jpg,cebolla
imagen_2091.jpg,cebolla
imagen_2094.jpg,cebolla
imagen_2099.jpg,cebolla
imagen_2100.jpg,cebolla
imagen_2102.jpg,cebolla
imagen_2103.jpg,cebolla
imagen_2104.jpg,cebolla
imagen_2105.jpg,cebolla
imagen_2109.jpg,cebolla
imagen_2110.jpg,cebolla
imagen_2113.jpg,cebolla
imagen_2129.jpg,cebolla
imagen_2130.jpg,cebolla
imagen_2147.jpg,cebolla
imagen_2148.jpg,cebolla
imagen_2150.jpg,cebolla
imagen_2155.jpg,cebolla
imagen_2156.jpg,cebolla
imagen_2158.jpg,cebolla
imagen_2160.jpg,cebolla
imagen_2162.jpg,cebolla
imagen_2163.jpg,cebolla
imagen_2165.jpg,cebolla
imagen_293.jpg,cebolla de verdeo
imagen_294.jpg,cebolla de verdeo
imagen_295.jpg,cebolla de verdeo
imagen_296.jpg,cebolla de verdeo
imagen_297.jpg,cebolla de verdeo
imagen_298.jpg,cebolla de verdeo
imagen_299.jpg,cebolla de verdeo
imagen_300.jpg,cebolla de verdeo
imagen_301.jpg,cebolla de verdeo
imagen_302.jpg,cebolla de verdeo
imagen_304.jpg,cebolla de verdeo
imagen_305.jpg,cebolla de verdeo
imagen_306.jpg,cebolla de verdeo
imagen_2111.jpg,cebolla de verdeo
imagen_200.jpg,cebolla morada
imagen_202.jpg,cebolla morada
imagen_204.jpg,cebolla morada
imagen_208.jpg,cebolla morada
imagen_210.jpg,cebolla morada
imagen_307.jpg,cebolla morada
imagen_2076.jpg,cebolla morada
imagen_2081.jpg,cebolla morada
imagen_2088.jpg,cebolla morada
imagen_2090.jpg,cebolla morada
imagen_2092.jpg,cebolla morada
imagen_2093.jpg,cebolla morada
imagen_2095.jpg,cebolla morada
imagen_2096.jpg,cebolla morada
imagen_2101.jpg,cebolla morada
imagen_2106.jpg,cebolla morada
imagen_2108.jpg,cebolla morada
imagen_2115.jpg,cebolla morada
imagen_2116.jpg,cebolla morada
imagen_2118.jpg,cebolla morada
imagen_2119.jpg,cebolla morada
imagen_2120.jpg,cebolla morada
imagen_2123.jpg,cebolla morada
imagen_2124.jpg,cebolla morada
imagen_2125.jpg,cebolla morada
imagen_2126.jpg,cebolla morada
imagen_2131.jpg,cebolla morada
imagen_2133.jpg,cebolla morada
imagen_2134.jpg,cebolla morada
imagen_2135.jpg,cebolla morada
imagen_2137.jpg,cebolla morada
imagen_2139.jpg,cebolla morada
imagen_2153.jpg,cebolla morada
imagen_2159.jpg,cebolla morada
imagen_2164.jpg,cebolla morada
imagen_2168.jpg,cebolla morada
imagen_83.jpg,chile amarillo
imagen_86.jpg,chile amarillo
imagen_81.jpg,chile rojo
imagen_84.jpg,chile rojo
imagen_88.jpg,chile rojo
imagen_1024.jpg,chile rojo
imagen_1027.jpg,chile rojo
imagen_1028.jpg,chile rojo
imagen_1030.jpg,chile rojo
imagen_1031.jpg,chile rojo
imagen_1039.jpg,chile rojo
imagen_1043.jpg,chile rojo
imagen_1046.jpg,chile rojo
imagen_1052.jpg,chile rojo
imagen_1055.jpg,chile rojo
imagen_1072.jpg,chile rojo
imagen_1073.jpg,chile rojo
imagen_1077.jpg,chile rojo
imagen_1083.jpg,chile rojo
imagen_1085.jpg,chile rojo
imagen_1086.jpg,chile rojo
imagen_1099.jpg,chile rojo
imagen_1102.jpg,chile rojo
imagen_1673.jpg,chile rojo
imagen_1689.jpg,chile rojo
imagen_2247.jpg,chile rojo
imagen_2288.jpg,chile rojo
imagen_2302.jpg,chile rojo
imagen_3556.jpg,chile rojo
imagen_3559.jpg,chile rojo
imagen_80.jpg,chile verde
imagen_82.jpg,chile verde
imagen_149.jpg,chile verde
imagen_150.jpg,chile verde
imagen_151.jpg,chile verde
imagen_152.jpg,chile verde
imagen_153.jpg,chile verde
imagen_154.jpg,chile verde
imagen_155.jpg,chile verde
imagen_156.jpg,chile verde
imagen_157.jpg,chile verde
imagen_1041.jpg,chile verde
imagen_1047.jpg,chile verde
imagen_1048.jpg,chile verde
imagen_1082.jpg,chile verde
imagen_1100.jpg,chile verde
imagen_1634.jpg,chile verde
imagen_1635.jpg,chile verde
imagen_1636.jpg,chile verde
imagen_1638.jpg,chile verde
imagen_1639.jpg,chile verde
imagen_1640.jpg,chile verde
imagen_1641.jpg,chile verde
imagen_1642.jpg,chile verde
imagen_1644.jpg,chile verde
imagen_1645.jpg,chile verde
imagen_1646.jpg,chile verde
imagen_1648.jpg,chile verde
imagen_1649.jpg,chile verde
imagen_1650.jpg,chile verde
imagen_1651.jpg,chile verde
imagen_1652.jpg,chile verde
imagen_1653.jpg,chile verde
imagen_1654.jpg,chile verde
imagen_1657.jpg,chile verde
imagen_1658.jpg,chile verde
imagen_1665.jpg,chile verde
imagen_1667.jpg,chile verde
imagen_1668.jpg,chile verde
imagen_1676.jpg,chile verde
imagen_1686.jpg,chile verde
imagen_1687.jpg,chile verde
imagen_1688.jpg,chile verde
imagen_1690.jpg,chile verde
imagen_1693.jpg,chile verde
imagen_1694.jpg,chile verde
imagen_1696.jpg,chile verde
imagen_1698.jpg,chile verde
imagen_1704.jpg,chile verde
imagen_1708.jpg,chile verde
imagen_1709.jpg,chile verde
imagen_1714.jpg,chile verde
imagen_1715.jpg,chile verde
imagen_1716.jpg,chile verde
imagen_1720.jpg,chile verde
imagen_1721.jpg,chile verde
imagen_3619.jpg,chile verde
imagen_3620.jpg,chile verde
imagen_3621.jpg,chile verde
imagen_3622.jpg,chile verde
imagen_3623.jpg,chile verde
imagen_3625.jpg,chile verde
imagen_3626.jpg,chile verde
imagen_89.jpg,choclo
imagen_91.jpg,choclo
imagen_92.jpg,choclo
imagen_93.jpg,choclo
imagen_94.jpg,choclo
imagen_95.jpg,choclo
imagen_96.jpg,choclo
imagen_97.jpg,choclo
imagen_98.jpg,choclo
imagen_309.jpg,choclo
imagen_310.jpg,choclo
imagen_311.jpg,choclo
imagen_312.jpg,choclo
imagen_313.jpg,choclo
imagen_314.jpg,choclo
imagen_315.jpg,choclo
imagen_316.jpg,choclo
imagen_317.jpg,choclo
imagen_318.jpg,choclo
imagen_1109.jpg,choclo
imagen_1111.jpg,choclo
imagen_1112.jpg,choclo
imagen_1113.jpg,choclo
imagen_1114.jpg,choclo
imagen_1115.jpg,choclo
imagen_1117.jpg,choclo
imagen_1121.jpg,choclo
imagen_1122.jpg,choclo
imagen_1123.jpg,choclo
imagen_1124.jpg,choclo
imagen_1127.jpg,choclo
imagen_1131.jpg,choclo
imagen_1133.jpg,choclo
imagen_1134.jpg,choclo
imagen_1135.jpg,choclo
imagen_1136.jpg,choclo
imagen_1141.jpg,choclo
imagen_1142.jpg,choclo
imagen_1149.jpg,choclo
imagen_1152.jpg,choclo
imagen_1158.jpg,choclo
imagen_1159.jpg,choclo
imagen_1160.jpg,choclo
imagen_1165.jpg,choclo
imagen_1166.jpg,choclo
imagen_1169.jpg,choclo
imagen_1173.jpg,choclo
imagen_1175.jpg,choclo
imagen_1176.jpg,choclo
imagen_1177.jpg,choclo
imagen_1181.jpg,choclo
imagen_1185.jpg,choclo
imagen_1186.jpg,choclo
imagen_1191.jpg,choclo
imagen_1193.jpg,choclo
imagen_1194.jpg,choclo
imagen_1195.jpg,choclo
imagen_3040.jpg,choclo
imagen_3041.jpg,choclo
imagen_3042.jpg,choclo
imagen_3043.jpg,choclo
imagen_3045.jpg,choclo
imagen_3048.jpg,choclo
imagen_3049.jpg,choclo
imagen_3050.jpg,choclo
imagen_3051.jpg,choclo
imagen_3052.jpg,choclo
imagen_3053.jpg,choclo
imagen_3059.jpg,choclo
imagen_3060.jpg,choclo
imagen_3061.jpg,choclo
imagen_3062.jpg,choclo
imagen_3063.jpg,choclo
imagen_3064.jpg,choclo
imagen_3065.jpg,choclo
imagen_3066.jpg,choclo
imagen_3067.jpg,choclo
imagen_3068.jpg,choclo
imagen_3069.jpg,choclo
imagen_3070.jpg,choclo
imagen_3071.jpg,choclo
imagen_3073.jpg,choclo
imagen_3075.jpg,choclo
imagen_3076.jpg,choclo
imagen_3077.jpg,choclo
imagen_3078.jpg,choclo
imagen_3080.jpg,choclo
imagen_3082.jpg,choclo
imagen_3083.jpg,choclo
imagen_3084.jpg,choclo
imagen_3085.jpg,choclo
imagen_3086.jpg,choclo
imagen_3087.jpg,choclo
imagen_3090.jpg,choclo
imagen_3091.jpg,choclo
imagen_3092.jpg,choclo
imagen_3093.jpg,choclo
imagen_3094.jpg,choclo
imagen_3095.jpg,choclo
imagen_3097.jpg,choclo
imagen_3099.jpg,choclo
imagen_3101.jpg,choclo
imagen_3102.jpg,choclo
imagen_3104.jpg,choclo
imagen_3105.jpg,choclo
imagen_3114.jpg,choclo
imagen_3117.jpg,choclo
imagen_3118.jpg,choclo
imagen_3122.jpg,choclo
imagen_3124.jpg,choclo
imagen_3125.jpg,choclo
imagen_3126.jpg,choclo
imagen_3127.jpg,choclo
imagen_3128.jpg,choclo
imagen_3129.jpg,choclo
imagen_3130.jpg,choclo
imagen_69.jpg,coliflor
imagen_70.jpg,coliflor
imagen_71.jpg,coliflor
imagen_72.jpg,coliflor
imagen_73.jpg,coliflor
imagen_74.jpg,coliflor
imagen_75.jpg,coliflor
imagen_76.jpg,coliflor
imagen_77.jpg,coliflor
imagen_78.jpg,coliflor
imagen_943.jpg,coliflor
imagen_945.jpg,coliflor
imagen_946.jpg,coliflor
imagen_947.jpg,coliflor
imagen_948.jpg,coliflor
imagen_949.jpg,coliflor
imagen_950.jpg,coliflor
imagen_952.jpg,coliflor
imagen_954.jpg,coliflor
imagen_955.jpg,coliflor
imagen_956.jpg,coliflor
imagen_958.jpg,coliflor
imagen_961.jpg,coliflor
imagen_963.jpg,coliflor
imagen_966.jpg,coliflor
imagen_967.jpg,coliflor
imagen_972.jpg,coliflor
imagen_976.jpg,coliflor
imagen_977.jpg,coliflor
imagen_984.jpg,coliflor
imagen_985.jpg,coliflor
imagen_986.jpg,coliflor
imagen_988.jpg,coliflor
imagen_999.jpg,coliflor
imagen_1000.jpg,coliflor
imagen_1002.jpg,coliflor
imagen_1003.jpg,coliflor
imagen_1004.jpg,coliflor
imagen_1008.jpg,coliflor
imagen_1010.jpg,coliflor
imagen_1011.jpg,coliflor
imagen_1013.jpg,coliflor
imagen_1014.jpg,coliflor
imagen_1015.jpg,coliflor
imagen_1019.jpg,coliflor
imagen_1020.jpg,coliflor
imagen_1021.jpg,coliflor
imagen_3541.jpg,coliflor
imagen_3542.jpg,coliflor
imagen_3543.jpg,coliflor
imagen_3544.jpg,coliflor
imagen_3545.jpg,coliflor
imagen_3547.jpg,coliflor
imagen_3548.jpg,coliflor
imagen_3549.jpg,coliflor
imagen_420.jpg,espárrago
imagen_421.jpg,espárrago
imagen_422.jpg,espárrago
imagen_423.jpg,espárrago
imagen_424.jpg,espárrago
imagen_425.jpg,espárrago
imagen_428.jpg,espárrago
imagen_430.jpg,espárrago
imagen_434.jpg,espárrago
imagen_435.jpg,espárrago
imagen_437.jpg,espárrago
imagen_438.jpg,espárrago
imagen_439.jpg,espárrago
imagen_441.jpg,espárrago
imagen_443.jpg,espárrago
imagen_448.jpg,espárrago
imagen_2943.jpg,espinaca
imagen_2944.jpg,espinaca
imagen_2945.jpg,espinaca
imagen_2946.jpg,espinaca
imagen_2949.jpg,espinaca
imagen_2950.jpg,espinaca
imagen_2958.jpg,espinaca
imagen_2959.jpg,espinaca
imagen_2964.jpg,espinaca
imagen_2965.jpg,espinaca
imagen_2966.jpg,espinaca
imagen_2967.jpg,espinaca
imagen_2968.jpg,espinaca
imagen_2970.jpg,espinaca
imagen_2978.jpg,espinaca
imagen_2984.jpg,espinaca
imagen_2985.jpg,espinaca
imagen_2987.jpg,espinaca
imagen_2988.jpg,espinaca
imagen_2991.jpg,espinaca
imagen_2995.jpg,espinaca
imagen_2998.jpg,espinaca
imagen_2999.jpg,espinaca
imagen_3001.jpg,espinaca
imagen_3002.jpg,espinaca
imagen_3003.jpg,espinaca
imagen_3006.jpg,espinaca
imagen_3008.jpg,espinaca
imagen_3009.jpg,espinaca
imagen_3016.jpg,espinaca
imagen_3019.jpg,espinaca
imagen_3020.jpg,espinaca
imagen_3024.jpg,espinaca
imagen_3030.jpg,espinaca
imagen_3033.jpg,espinaca
imagen_3034.jpg,espinaca
imagen_3035.jpg,espinaca
imagen_3036.jpg,espinaca
imagen_3039.jpg,espinaca
imagen_179.jpg,lechuga
imagen_180.jpg,lechuga
imagen_181.jpg,lechuga
imagen_182.jpg,lechuga
imagen_183.jpg,lechuga
imagen_184.jpg,lechuga
imagen_185.jpg,lechuga
imagen_186.jpg,lechuga
imagen_187.jpg,lechuga
imagen_188.jpg,lechuga
imagen_1894.jpg,lechuga
imagen_1895.jpg,lechuga
imagen_1896.jpg,lechuga
imagen_1897.jpg,lechuga
imagen_1898.jpg,lechuga
imagen_1899.jpg,lechuga
imagen_1901.jpg,lechuga
imagen_1903.jpg,lechuga
imagen_1904.jpg,lechuga
imagen_1905.jpg,lechuga
imagen_1906.jpg,lechuga
imagen_1907.jpg,lechuga
imagen_1909.jpg,lechuga
imagen_1910.jpg,lechuga
imagen_1911.jpg,lechuga
imagen_1912.jpg,lechuga
imagen_1913.jpg,lechuga
imagen_1914.jpg,lechuga
imagen_1915.jpg,lechuga
imagen_1918.jpg,lechuga
imagen_1919.jpg,lechuga
imagen_1920.jpg,lechuga
imagen_1921.jpg,lechuga
imagen_1922.jpg,lechuga
imagen_1923.jpg,lechuga
imagen_1924.jpg,lechuga
imagen_1925.jpg,lechuga
imagen_1926.jpg,lechuga
imagen_1927.jpg,lechuga
imagen_1928.jpg,lechuga
imagen_1929.jpg,lechuga
imagen_1930.jpg,lechuga
imagen_1931.jpg,lechuga
imagen_1932.jpg,lechuga
imagen_1933.jpg,lechuga
imagen_1934.jpg,lechuga
imagen_1935.jpg,lechuga
imagen_1936.jpg,lechuga
imagen_1937.jpg,lechuga
imagen_1938.jpg,lechuga
imagen_1939.jpg,lechuga
imagen_1940.jpg,lechuga
imagen_1941.jpg,lechuga
imagen_1942.jpg,lechuga
imagen_1944.jpg,lechuga
imagen_1946.jpg,lechuga
imagen_1947.jpg,lechuga
imagen_1948.jpg,lechuga
imagen_1950.jpg,lechuga
imagen_1952.jpg,lechuga
imagen_1953.jpg,lechuga
imagen_1954.jpg,lechuga
imagen_1957.jpg,lechuga
imagen_1958.jpg,lechuga
imagen_1959.jpg,lechuga
imagen_1960.jpg,lechuga
imagen_1963.jpg,lechuga
imagen_1967.jpg,lechuga
imagen_1969.jpg,lechuga
imagen_1972.jpg,lechuga
imagen_1976.jpg,lechuga
imagen_1977.jpg,lechuga
imagen_1978.jpg,lechuga
imagen_1979.jpg,lechuga
imagen_1980.jpg,lechuga
imagen_1981.jpg,lechuga
imagen_1983.jpg,lechuga
imagen_1984.jpg,lechuga
imagen_1986.jpg,lechuga
imagen_1987.jpg,lechuga
imagen_1988.jpg,lechuga
imagen_3651.jpg,lechuga
imagen_3652.jpg,lechuga
imagen_3654.jpg,lechuga
imagen_3655.jpg,lechuga
imagen_1297.jpg,lenteja
imagen_1298.jpg,lenteja
imagen_1299.jpg,lenteja
imagen_1303.jpg,lenteja
imagen_1304.jpg,lenteja
imagen_1306.jpg,lenteja
imagen_1307.jpg,lenteja
imagen_1308.jpg,lenteja
imagen_1316.jpg,lenteja
imagen_529.jpg,palta
imagen_530.jpg,palta
imagen_535.jpg,palta
imagen_537.jpg,palta
imagen_538.jpg,palta
imagen_539.jpg,palta
imagen_540.jpg,palta
imagen_541.jpg,palta
imagen_543.jpg,palta
imagen_545.jpg,palta
imagen_548.jpg,palta
imagen_549.jpg,palta
imagen_550.jpg,palta
imagen_551.jpg,palta
imagen_552.jpg,palta
imagen_553.jpg,palta
imagen_554.jpg,palta
imagen_555.jpg,palta
imagen_269.jpg,papa
imagen_270.jpg,papa
imagen_272.jpg,papa
imagen_273.jpg,papa
imagen_274.jpg,papa
imagen_275.jpg,papa
imagen_276.jpg,papa
imagen_2688.jpg,papa
imagen_2690.jpg,papa
imagen_2691.jpg,papa
imagen_2693.jpg,papa
imagen_2695.jpg,papa
imagen_2702.jpg,papa
imagen_2709.jpg,papa
imagen_2710.jpg,papa
imagen_2711.jpg,papa
imagen_2712.jpg,papa
imagen_2714.jpg,papa
imagen_2715.jpg,papa
imagen_2717.jpg,papa
imagen_2721.jpg,papa
imagen_2722.jpg,papa
imagen_2724.jpg,papa
imagen_2725.jpg,papa
imagen_2726.jpg,papa
imagen_2728.jpg,papa
imagen_2729.jpg,papa
imagen_2730.jpg,papa
imagen_2731.jpg,papa
imagen_2734.jpg,papa
imagen_2735.jpg,papa
imagen_2736.jpg,papa
imagen_2739.jpg,papa
imagen_2740.jpg,papa
imagen_2743.jpg,papa
imagen_2744.jpg,papa
imagen_2745.jpg,papa
imagen_2746.jpg,papa
imagen_2748.jpg,papa
imagen_2749.jpg,papa
imagen_2755.jpg,papa
imagen_2758.jpg,papa
imagen_2759.jpg,papa
imagen_2761.jpg,papa
imagen_2762.jpg,papa
imagen_2763.jpg,papa
imagen_2764.jpg,papa
imagen_99.jpg,pepino
imagen_101.jpg,pepino
imagen_102.jpg,pepino
imagen_103.jpg,pepino
imagen_104.jpg,pepino
imagen_105.jpg,pepino
imagen_106.jpg,pepino
imagen_107.jpg,pepino
imagen_108.jpg,pepino
imagen_1196.jpg,pepino
imagen_1198.jpg,pepino
imagen_1199.jpg,pepino
imagen_1200.jpg,pepino
imagen_1202.jpg,pepino
imagen_1203.jpg,pepino
imagen_1204.jpg,pepino
imagen_1206.jpg,pepino
imagen_1207.jpg,pepino
imagen_1208.jpg,pepino
imagen_1209.jpg,pepino
imagen_1210.jpg,pepino
imagen_1211.jpg,pepino
imagen_1212.jpg,pepino
imagen_1213.jpg,pepino
imagen_1215.jpg,pepino
imagen_1216.jpg,pepino
imagen_1217.jpg,pepino
imagen_1218.jpg,pepino
imagen_1219.jpg,pepino
imagen_1221.jpg,pepino
imagen_1227.jpg,pepino
imagen_1228.jpg,pepino
imagen_1232.jpg,pepino
imagen_1237.jpg,pepino
imagen_1241.jpg,pepino
imagen_1243.jpg,pepino
imagen_1245.jpg,pepino
imagen_1246.jpg,pepino
imagen_1250.jpg,pepino
imagen_1251.jpg,pepino
imagen_1255.jpg,pepino
imagen_1256.jpg,pepino
imagen_1257.jpg,pepino
imagen_1258.jpg,pepino
imagen_1259.jpg,pepino
imagen_1260.jpg,pepino
imagen_1261.jpg,pepino
imagen_1265.jpg,pepino
imagen_1268.jpg,pepino
imagen_1272.jpg,pepino
imagen_1273.jpg,pepino
imagen_1277.jpg,pepino
imagen_1283.jpg,pepino
imagen_1284.jpg,pepino
imagen_1285.jpg,pepino
imagen_1287.jpg,pepino
imagen_1288.jpg,pepino
imagen_1289.jpg,pepino
imagen_3570.jpg,pepino
imagen_3572.jpg,pepino
imagen_3573.jpg,pepino
imagen_3574.jpg,pepino
imagen_3576.jpg,pepino
imagen_3577.jpg,pepino
imagen_3579.jpg,pepino
imagen_4.jpg,pimiento amarillo
imagen_5.jpg,pimiento amarillo
imagen_31.jpg,pimiento amarillo
imagen_219.jpg,pimiento amarillo
imagen_220.jpg,pimiento amarillo
imagen_662.jpg,pimiento amarillo
imagen_804.jpg,pimiento amarillo
imagen_810.jpg,pimiento amarillo
imagen_835.jpg,pimiento amarillo
imagen_837.jpg,pimiento amarillo
imagen_224.jpg,pimiento rojo
imagen_227.jpg,pimiento rojo
imagen_593.jpg,pimiento rojo
imagen_609.jpg,pimiento rojo
imagen_632.jpg,pimiento rojo
imagen_776.jpg,pimiento rojo
imagen_789.jpg,pimiento rojo
imagen_790.jpg,pimiento rojo
imagen_792.jpg,pimiento rojo
imagen_794.jpg,pimiento rojo
imagen_799.jpg,pimiento rojo
imagen_801.jpg,pimiento rojo
imagen_802.jpg,pimiento rojo
imagen_808.jpg,pimiento rojo
imagen_811.jpg,pimiento rojo
imagen_815.jpg,pimiento rojo
imagen_831.jpg,pimiento rojo
imagen_845.jpg,pimiento rojo
imagen_854.jpg,pimiento rojo
imagen_2244.jpg,pimiento rojo
imagen_2245.jpg,pimiento rojo
imagen_2251.jpg,pimiento rojo
imagen_2260.jpg,pimiento rojo
imagen_2269.jpg,pimiento rojo
imagen_2277.jpg,pimiento rojo
imagen_2284.jpg,pimiento rojo
imagen_2287.jpg,pimiento rojo
imagen_2295.jpg,pimiento rojo
imagen_2297.jpg,pimiento rojo
imagen_2313.jpg,pimiento rojo
imagen_2317.jpg,pimiento rojo
imagen_2319.jpg,pimiento rojo
imagen_2320.jpg,pimiento rojo
imagen_51.jpg,pimiento verde
imagen_54.jpg,pimiento verde
imagen_594.jpg,pimiento verde
imagen_597.jpg,pimiento verde
imagen_604.jpg,pimiento verde
imagen_608.jpg,pimiento verde
imagen_612.jpg,pimiento verde
imagen_616.jpg,pimiento verde
imagen_620.jpg,pimiento verde
imagen_623.jpg,pimiento verde
imagen_624.jpg,pimiento verde
imagen_627.jpg,pimiento verde
imagen_629.jpg,pimiento verde
imagen_631.jpg,pimiento verde
imagen_635.jpg,pimiento verde
imagen_637.jpg,pimiento verde
imagen_644.jpg,pimiento verde
imagen_650.jpg,pimiento verde
imagen_652.jpg,pimiento verde
imagen_656.jpg,pimiento verde
imagen_658.jpg,pimiento verde
imagen_659.jpg,pimiento verde
imagen_673.jpg,pimiento verde
imagen_775.jpg,pimiento verde
imagen_778.jpg,pimiento verde
imagen_783.jpg,pimiento verde
imagen_784.jpg,pimiento verde
imagen_786.jpg,pimiento verde
imagen_787.jpg,pimiento verde
imagen_796.jpg,pimiento verde
imagen_797.jpg,pimiento verde
imagen_806.jpg,pimiento verde
imagen_812.jpg,pimiento verde
imagen_813.jpg,pimiento verde
imagen_839.jpg,pimiento verde
imagen_848.jpg,pimiento verde
imagen_860.jpg,pimiento verde
imagen_2278.jpg,pimiento verde
imagen_2309.jpg,pimiento verde
imagen_3524.jpg,pimiento verde
imagen_3527.jpg,pimiento verde
imagen_284.jpg,rabanito
imagen_286.jpg,rabanito
imagen_339.jpg,rabanito
imagen_343.jpg,rabanito
imagen_344.jpg,rabanito
imagen_345.jpg,rabanito
imagen_346.jpg,rabanito
imagen_347.jpg,rabanito
imagen_348.jpg,rabanito
imagen_2771.jpg,rabanito
imagen_2773.jpg,rabanito
imagen_2781.jpg,rabanito
imagen_2794.jpg,rabanito
imagen_2795.jpg,rabanito
imagen_2803.jpg,rabanito
imagen_2807.jpg,rabanito
imagen_2815.jpg,rabanito
imagen_2817.jpg,rabanito
imagen_2834.jpg,rabanito
imagen_2839.jpg,rabanito
imagen_3292.jpg,rabanito
imagen_3293.jpg,rabanito
imagen_3294.jpg,rabanito
imagen_3295.jpg,rabanito
imagen_3298.jpg,rabanito
imagen_3300.jpg,rabanito
imagen_3308.jpg,rabanito
imagen_3309.jpg,rabanito
imagen_3311.jpg,rabanito
imagen_3326.jpg,rabanito
imagen_3341.jpg,rabanito
imagen_3346.jpg,rabanito
imagen_3352.jpg,rabanito
imagen_3357.jpg,rabanito
imagen_3359.jpg,rabanito
imagen_3370.jpg,rabanito
imagen_3377.jpg,rabanito
imagen_3379.jpg,rabanito
imagen_3384.jpg,rabanito
imagen_3387.jpg,rabanito
imagen_3389.jpg,rabanito
imagen_19.jpg,remolacha
imagen_20.jpg,remolacha
imagen_21.jpg,remolacha
imagen_22.jpg,remolacha
imagen_23.jpg,remolacha
imagen_24.jpg,remolacha
imagen_25.jpg,remolacha
imagen_26.jpg,remolacha
imagen_27.jpg,remolacha
imagen_28.jpg,remolacha
imagen_502.jpg,remolacha
imagen_503.jpg,remolacha
imagen_505.jpg,remolacha
imagen_506.jpg,remolacha
imagen_507.jpg,remolacha
imagen_508.jpg,remolacha
imagen_509.jpg,remolacha
imagen_510.jpg,remolacha
imagen_511.jpg,remolacha
imagen_512.jpg,remolacha
imagen_513.jpg,remolacha
imagen_514.jpg,remolacha
imagen_515.jpg,remolacha
imagen_516.jpg,remolacha
imagen_517.jpg,remolacha
imagen_518.jpg,remolacha
imagen_520.jpg,remolacha
imagen_523.jpg,remolacha
imagen_524.jpg,remolacha
imagen_525.jpg,remolacha
imagen_528.jpg,remolacha
imagen_531.jpg,remolacha
imagen_532.jpg,remolacha
imagen_533.jpg,remolacha
imagen_534.jpg,remolacha
imagen_536.jpg,remolacha
imagen_542.jpg,remolacha
imagen_544.jpg,remolacha
imagen_546.jpg,remolacha
imagen_547.jpg,remolacha
imagen_556.jpg,remolacha
imagen_557.jpg,remolacha
imagen_569.jpg,remolacha
imagen_585.jpg,remolacha
imagen_588.jpg,remolacha
imagen_3493.jpg,remolacha
imagen_3494.jpg,remolacha
imagen_3495.jpg,remolacha
imagen_3496.jpg,remolacha
imagen_3498.jpg,remolacha
imagen_3499.jpg,remolacha
imagen_3501.jpg,remolacha
imagen_3502.jpg,remolacha
imagen_39.jpg,repollo
imagen_41.jpg,repollo
imagen_42.jpg,repollo
imagen_43.jpg,repollo
imagen_44.jpg,repollo
imagen_45.jpg,repollo
imagen_46.jpg,repollo
imagen_48.jpg,repollo
imagen_680.jpg,repollo
imagen_681.jpg,repollo
imagen_683.jpg,repollo
imagen_684.jpg,repollo
imagen_686.jpg,repollo
imagen_688.jpg,repollo
imagen_689.jpg,repollo
imagen_690.jpg,repollo
imagen_691.jpg,repollo
imagen_693.jpg,repollo
imagen_694.jpg,repollo
imagen_695.jpg,repollo
imagen_696.jpg,repollo
imagen_700.jpg,repollo
imagen_701.jpg,repollo
imagen_702.jpg,repollo
imagen_703.jpg,repollo
imagen_705.jpg,repollo
imagen_706.jpg,repollo
imagen_709.jpg,repollo
imagen_711.jpg,repollo
imagen_714.jpg,repollo
imagen_717.jpg,repollo
imagen_718.jpg,repollo
imagen_725.jpg,repollo
imagen_726.jpg,repollo
imagen_730.jpg,repollo
imagen_736.jpg,repollo
imagen_742.jpg,repollo
imagen_745.jpg,repollo
imagen_749.jpg,repollo
imagen_754.jpg,repollo
imagen_755.jpg,repollo
imagen_760.jpg,repollo
imagen_762.jpg,repollo
imagen_763.jpg,repollo
imagen_769.jpg,repollo
imagen_3512.jpg,repollo
imagen_3515.jpg,repollo
imagen_3516.jpg,repollo
imagen_3518.jpg,repollo
imagen_3519.jpg,repollo
imagen_3521.jpg,repollo
imagen_408.jpg,repollo morado
imagen_409.jpg,repollo morado
imagen_410.jpg,repollo morado
imagen_411.jpg,repollo morado
imagen_411.jpg,repollo morado
imagen_414.jpg,repollo morado
imagen_416.jpg,repollo morado
imagen_417.jpg,repollo morado
imagen_289.jpg,soja
imagen_291.jpg,soja
imagen_292.jpg,soja
imagen_2870.jpg,soja
imagen_2871.jpg,soja
imagen_2873.jpg,soja
imagen_2895.jpg,soja
imagen_2903.jpg,soja
imagen_2911.jpg,soja
imagen_2919.jpg,soja
imagen_2929.jpg,soja
imagen_329.jpg,tomate
imagen_331.jpg,tomate
imagen_332.jpg,tomate
imagen_333.jpg,tomate
imagen_334.jpg,tomate
imagen_336.jpg,tomate
imagen_337.jpg,tomate
imagen_3200.jpg,tomate
imagen_3201.jpg,tomate
imagen_3202.jpg,tomate
imagen_3203.jpg,tomate
imagen_3204.jpg,tomate
imagen_3205.jpg,tomate
imagen_3206.jpg,tomate
imagen_3207.jpg,tomate
imagen_3208.jpg,tomate
imagen_3209.jpg,tomate
imagen_3211.jpg,tomate
imagen_3212.jpg,tomate
imagen_3214.jpg,tomate
imagen_3216.jpg,tomate
imagen_3217.jpg,tomate
imagen_3218.jpg,tomate
imagen_3219.jpg,tomate
imagen_3220.jpg,tomate
imagen_3221.jpg,tomate
imagen_3222.jpg,tomate
imagen_3223.jpg,tomate
imagen_3227.jpg,tomate
imagen_3230.jpg,tomate
imagen_3231.jpg,tomate
imagen_3232.jpg,tomate
imagen_3234.jpg,tomate
imagen_3237.jpg,tomate
imagen_3238.jpg,tomate
imagen_3239.jpg,tomate
imagen_3240.jpg,tomate
imagen_3241.jpg,tomate
imagen_3242.jpg,tomate
imagen_3243.jpg,tomate
imagen_3244.jpg,tomate
imagen_3246.jpg,tomate
imagen_3249.jpg,tomate
imagen_3252.jpg,tomate
imagen_3253.jpg,tomate
imagen_3254.jpg,tomate
imagen_3258.jpg,tomate
imagen_3259.jpg,tomate
imagen_3260.jpg,tomate
imagen_3261.jpg,tomate
imagen_3263.jpg,tomate
imagen_3268.jpg,tomate
imagen_3269.jpg,tomate
imagen_3272.jpg,tomate
imagen_3274.jpg,tomate
imagen_3276.jpg,tomate
imagen_3278.jpg,tomate
imagen_3281.jpg,tomate
imagen_3282.jpg,tomate
imagen_3284.jpg,tomate
imagen_3285.jpg,tomate
imagen_3286.jpg,tomate
imagen_3287.jpg,tomate
imagen_3288.jpg,tomate
imagen_3289.jpg,tomate
imagen_3291.jpg,tomate
imagen_558.jpg,tomate cherry
imagen_559.jpg,tomate cherry
imagen_560.jpg,tomate cherry
imagen_561.jpg,tomate cherry
imagen_562.jpg,tomate cherry
imagen_563.jpg,tomate cherry
imagen_564.jpg,tomate cherry
imagen_565.jpg,tomate cherry
imagen_566.jpg,tomate cherry
imagen_567.jpg,tomate cherry
imagen_568.jpg,tomate cherry
imagen_570.jpg,tomate cherry
imagen_571.jpg,tomate cherry
imagen_572.jpg,tomate cherry
imagen_573.jpg,tomate cherry
imagen_574.jpg,tomate cherry
imagen_575.jpg,tomate cherry
imagen_576.jpg,tomate cherry
imagen_577.jpg,tomate cherry
imagen_578.jpg,tomate cherry
imagen_579.jpg,tomate cherry
imagen_580.jpg,tomate cherry
imagen_581.jpg,tomate cherry
imagen_582.jpg,tomate cherry
imagen_59.jpg,zanahoria
imagen_61.jpg,zanahoria
imagen_62.jpg,zanahoria
imagen_64.jpg,zanahoria
imagen_65.jpg,zanahoria
imagen_66.jpg,zanahoria
imagen_67.jpg,zanahoria
imagen_68.jpg,zanahoria
imagen_861.jpg,zanahoria
imagen_862.jpg,zanahoria
imagen_864.jpg,zanahoria
imagen_865.jpg,zanahoria
imagen_866.jpg,zanahoria
imagen_867.jpg,zanahoria
imagen_868.jpg,zanahoria
imagen_869.jpg,zanahoria
imagen_870.jpg,zanahoria
imagen_871.jpg,zanahoria
imagen_872.jpg,zanahoria
imagen_873.jpg,zanahoria
imagen_879.jpg,zanahoria
imagen_881.jpg,zanahoria
imagen_885.jpg,zanahoria
imagen_887.jpg,zanahoria
imagen_889.jpg,zanahoria
imagen_890.jpg,zanahoria
imagen_891.jpg,zanahoria
imagen_892.jpg,zanahoria
imagen_894.jpg,zanahoria
imagen_895.jpg,zanahoria
imagen_896.jpg,zanahoria
imagen_897.jpg,zanahoria
imagen_898.jpg,zanahoria
imagen_899.jpg,zanahoria
imagen_901.jpg,zanahoria
imagen_903.jpg,zanahoria
imagen_904.jpg,zanahoria
imagen_905.jpg,zanahoria
imagen_906.jpg,zanahoria
imagen_907.jpg,zanahoria
imagen_908.jpg,zanahoria
imagen_909.jpg,zanahoria
imagen_910.jpg,zanahoria
imagen_911.jpg,zanahoria
imagen_916.jpg,zanahoria
imagen_927.jpg,zanahoria
imagen_939.jpg,zanahoria
imagen_940.jpg,zanahoria
imagen_942.jpg,zanahoria
imagen_3532.jpg,zanahoria
imagen_3534.jpg,zanahoria
imagen_3535.jpg,zanahoria
imagen_3537.jpg,zanahoria
imagen_321.jpg,zapallito
imagen_323.jpg,zapallito
imagen_324.jpg,zapallito
imagen_326.jpg,zapallito
imagen_327.jpg,zapallito
imagen_330.jpg,zapallito
imagen_335.jpg,zapallito
imagen_338.jpg,zapallito
imagen_340.jpg,zapallito
imagen_342.jpg,zapallito
imagen_352.jpg,zapallito
imagen_731.jpg,"aceituna, aceituna negra"
imagen_732.jpg,"aceituna, aceituna negra"
imagen_733.jpg,"aceituna, aceituna negra"
imagen_734.jpg,"aceituna, aceituna negra"
imagen_735.jpg,"aceituna, aceituna negra"
imagen_737.jpg,"aceituna, aceituna negra"
imagen_728.jpg,"aceituna, limón"
imagen_729.jpg,"aceituna, limón"
imagen_1435.jpg,"ajo, cebolla"
imagen_2079.jpg,"cebolla, ajo"
imagen_2152.jpg,"cebolla, ajo"
imagen_2166.jpg,"cebolla, ajo"
imagen_2107.jpg,"cebolla, cebolla de verdeo"
imagen_2136.jpg,"cebolla, cebolla morada"
imagen_303.jpg,"cebolla, cebolla morada, cebolla de verdeo"
imagen_308.jpg,"cebolla, cebolla morada, cebolla de verdeo"
imagen_2097.jpg,"cebolla, cebolla morada, cebolla de verdeo"
imagen_1703.jpg,"chile rojo, chile amarillo"
imagen_85.jpg,"chile rojo, chile verde"
imagen_87.jpg,"chile rojo, chile verde"
imagen_1040.jpg,"chile rojo, chile verde"
imagen_1070.jpg,"chile rojo, chile verde"
imagen_1084.jpg,"chile rojo, chile verde"
imagen_1655.jpg,"chile rojo, chile verde"
imagen_1659.jpg,"chile rojo, chile verde"
imagen_1661.jpg,"chile rojo, chile verde"
imagen_1662.jpg,"chile rojo, chile verde"
imagen_1670.jpg,"chile rojo, chile verde"
imagen_1671.jpg,"chile rojo, chile verde"
imagen_1672.jpg,"chile rojo, chile verde"
imagen_1675.jpg,"chile rojo, chile verde"
imagen_1684.jpg,"chile rojo, chile verde"
imagen_1691.jpg,"chile rojo, chile verde"
imagen_1695.jpg,"chile rojo, chile verde"
imagen_1702.jpg,"chile rojo, chile verde"
imagen_1706.jpg,"chile rojo, chile verde"
imagen_1718.jpg,"chile rojo, chile verde"
imagen_3627.jpg,"chile rojo, chile verde"
imagen_79.jpg,"chile rojo, chile verde, chile amarillo"
imagen_1022.jpg,"chile rojo, chile verde, chile amarillo"
imagen_1045.jpg,"chile rojo, chile verde, chile amarillo"
imagen_1108.jpg,"chile rojo, chile verde, chile amarillo"
imagen_1643.jpg,"chile rojo, chile verde, chile amarillo"
imagen_1685.jpg,"chile verde, ajo"
imagen_2741.jpg,"papa, tomate"
imagen_221.jpg,"pimiento rojo, pimiento amarillo"
imagen_613.jpg,"pimiento rojo, pimiento amarillo"
imagen_2242.jpg,"pimiento rojo, pimiento amarillo"
imagen_32.jpg,"pimiento rojo, pimiento verde"
imagen_35.jpg,"pimiento rojo, pimiento verde"
imagen_37.jpg,"pimiento rojo, pimiento verde"
imagen_595.jpg,"pimiento rojo, pimiento verde"
imagen_605.jpg,"pimiento rojo, pimiento verde"
imagen_611.jpg,"pimiento rojo, pimiento verde"
imagen_634.jpg,"pimiento rojo, pimiento verde"
imagen_642.jpg,"pimiento rojo, pimiento verde"
imagen_657.jpg,"pimiento rojo, pimiento verde"
imagen_679.jpg,"pimiento rojo, pimiento verde"
imagen_2281.jpg,"pimiento rojo, pimiento verde"
imagen_3508.jpg,"pimiento rojo, pimiento verde"
imagen_30.jpg,"pimiento rojo, pimiento verde, pimiento amarillo"
imagen_49.jpg,"pimiento rojo, pimiento verde, pimiento amarillo"
imagen_56.jpg,"pimiento rojo, pimiento verde, pimiento amarillo"
imagen_600.jpg,"pimiento rojo, pimiento verde, pimiento amarillo"
imagen_603.jpg,"pimiento rojo, pimiento verde, pimiento amarillo"
imagen_621.jpg,"pimiento rojo, pimiento verde, pimiento amarillo"
imagen_626.jpg,"pimiento rojo, pimiento verde, pimiento amarillo"
imagen_628.jpg,"pimiento rojo, pimiento verde, pimiento amarillo"
imagen_645.jpg,"pimiento rojo, pimiento verde, pimiento amarillo"
imagen_670.jpg,"pimiento rojo, pimiento verde, pimiento amarillo"
imagen_671.jpg,"pimiento rojo, pimiento verde, pimiento amarillo"
imagen_678.jpg,"pimiento rojo, pimiento verde, pimiento amarillo"
imagen_772.jpg,"pimiento rojo, pimiento verde, pimiento amarillo"
imagen_773.jpg,"pimiento rojo, pimiento verde, pimiento amarillo"
imagen_777.jpg,"pimiento rojo, pimiento verde, pimiento amarillo"
imagen_781.jpg,"pimiento rojo, pimiento verde, pimiento amarillo"
imagen_788.jpg,"pimiento rojo, pimiento verde, pimiento amarillo"
imagen_791.jpg,"pimiento rojo, pimiento verde, pimiento amarillo"
imagen_803.jpg,"pimiento rojo, pimiento verde, pimiento amarillo"
imagen_819.jpg,"pimiento rojo, pimiento verde, pimiento amarillo"
imagen_821.jpg,"pimiento rojo, pimiento verde, pimiento amarillo"
imagen_822.jpg,"pimiento rojo, pimiento verde, pimiento amarillo"
imagen_823.jpg,"pimiento rojo, pimiento verde, pimiento amarillo"
imagen_824.jpg,"pimiento rojo, pimiento verde, pimiento amarillo"
imagen_827.jpg,"pimiento rojo, pimiento verde, pimiento amarillo"
imagen_836.jpg,"pimiento rojo, pimiento verde, pimiento amarillo"
imagen_843.jpg,"pimiento rojo, pimiento verde, pimiento amarillo"
imagen_2243.jpg,"pimiento rojo, pimiento verde, pimiento amarillo"
imagen_2272.jpg,"pimiento rojo, pimiento verde, pimiento amarillo"
imagen_3505.jpg,"pimiento rojo, pimiento verde, pimiento amarillo"
imagen_3522.jpg,"pimiento rojo, pimiento verde, pimiento amarillo"
imagen_3529.jpg,"pimiento rojo, pimiento verde, pimiento amarillo"
imagen_782.jpg,"pimiento verde, pimiento amarillo"
imagen_2775.jpg,"remolacha, zanahoria, rabanito"
imagen_583.jpg,"tomate, tomate cherry"
imagen_584.jpg,"tomate, tomate cherry"
imagen_586.jpg,"tomate, tomate cherry"
imagen_587.jpg,"tomate, tomate cherry"
imagen_589.jpg,"tomate, tomate cherry"
imagen_590.jpg,"tomate, tomate cherry"
imagen_591.jpg,"tomate, tomate cherry"
imagen_596.jpg,"tomate, tomate cherry"
imagen_598.jpg,"tomate, tomate cherry"
imagen_599.jpg,"tomate, tomate cherry"
imagen_341.jpg,"zapallito, zanahoria, pimiento rojo"
imagen_249.jpg,ananá
imagen_250.jpg,ananá
imagen_252.jpg,ananá
imagen_253.jpg,ananá
imagen_254.jpg,ananá
imagen_255.jpg,ananá
imagen_256.jpg,ananá
imagen_257.jpg,ananá
imagen_258.jpg,ananá
imagen_2510.jpg,ananá
imagen_2512.jpg,ananá
imagen_2513.jpg,ananá
imagen_2514.jpg,ananá
imagen_2515.jpg,ananá
imagen_2516.jpg,ananá
imagen_2517.jpg,ananá
imagen_2518.jpg,ananá
imagen_2519.jpg,ananá
imagen_2520.jpg,ananá
imagen_2521.jpg,ananá
imagen_2522.jpg,ananá
imagen_2523.jpg,ananá
imagen_2524.jpg,ananá
imagen_2526.jpg,ananá
imagen_2527.jpg,ananá
imagen_2529.jpg,ananá
imagen_2531.jpg,ananá
imagen_2533.jpg,ananá
imagen_2537.jpg,ananá
imagen_2539.jpg,ananá
imagen_2540.jpg,ananá
imagen_2548.jpg,ananá
imagen_2550.jpg,ananá
imagen_2551.jpg,ananá
imagen_2553.jpg,ananá
imagen_2555.jpg,ananá
imagen_2564.jpg,ananá
imagen_2566.jpg,ananá
imagen_2572.jpg,ananá
imagen_2575.jpg,ananá
imagen_2576.jpg,ananá
imagen_2581.jpg,ananá
imagen_2585.jpg,ananá
imagen_2588.jpg,ananá
imagen_2590.jpg,ananá
imagen_2593.jpg,ananá
imagen_2595.jpg,ananá
imagen_2596.jpg,ananá
imagen_2598.jpg,ananá
imagen_2599.jpg,ananá
imagen_2604.jpg,ananá
imagen_2605.jpg,ananá
imagen_2606.jpg,ananá
imagen_2608.jpg,ananá
imagen_779.jpg,arándano
imagen_780.jpg,arándano
imagen_785.jpg,arándano
imagen_793.jpg,arándano
imagen_795.jpg,arándano
imagen_798.jpg,arándano
imagen_800.jpg,arándano
imagen_805.jpg,arándano
imagen_807.jpg,arándano
imagen_809.jpg,arándano
imagen_814.jpg,arándano
imagen_816.jpg,arándano
imagen_817.jpg,arándano
imagen_818.jpg,arándano
imagen_820.jpg,arándano
imagen_825.jpg,arándano
imagen_826.jpg,arándano
imagen_828.jpg,arándano
imagen_829.jpg,arándano
imagen_830.jpg,arándano
imagen_832.jpg,arándano
imagen_10.jpg,banana
imagen_13.jpg,banana
imagen_14.jpg,banana
imagen_15.jpg,banana
imagen_17.jpg,banana
imagen_427.jpg,banana
imagen_431.jpg,banana
imagen_432.jpg,banana
imagen_433.jpg,banana
imagen_436.jpg,banana
imagen_440.jpg,banana
imagen_442.jpg,banana
imagen_444.jpg,banana
imagen_445.jpg,banana
imagen_446.jpg,banana
imagen_447.jpg,banana
imagen_449.jpg,banana
imagen_450.jpg,banana
imagen_451.jpg,banana
imagen_452.jpg,banana
imagen_453.jpg,banana
imagen_454.jpg,banana
imagen_455.jpg,banana
imagen_456.jpg,banana
imagen_457.jpg,banana
imagen_458.jpg,banana
imagen_459.jpg,banana
imagen_460.jpg,banana
imagen_461.jpg,banana
imagen_462.jpg,banana
imagen_463.jpg,banana
imagen_464.jpg,banana
imagen_469.jpg,banana
imagen_470.jpg,banana
imagen_471.jpg,banana
imagen_472.jpg,banana
imagen_473.jpg,banana
imagen_476.jpg,banana
imagen_477.jpg,banana
imagen_478.jpg,banana
imagen_479.jpg,banana
imagen_480.jpg,banana
imagen_487.jpg,banana
imagen_488.jpg,banana
imagen_490.jpg,banana
imagen_491.jpg,banana
imagen_493.jpg,banana
imagen_494.jpg,banana
imagen_497.jpg,banana
imagen_498.jpg,banana
imagen_499.jpg,banana
imagen_500.jpg,banana
imagen_3485.jpg,banana
imagen_3487.jpg,banana
imagen_3488.jpg,banana
imagen_3489.jpg,banana
imagen_3491.jpg,banana
imagen_118.jpg,cereza
imagen_131.jpg,cereza
imagen_158.jpg,cereza
imagen_189.jpg,cereza
imagen_223.jpg,cereza
imagen_225.jpg,cereza
imagen_226.jpg,cereza
imagen_228.jpg,cereza
imagen_251.jpg,cereza
imagen_260.jpg,cereza
imagen_268.jpg,cereza
imagen_271.jpg,cereza
imagen_279.jpg,cereza
imagen_280.jpg,cereza
imagen_281.jpg,cereza
imagen_282.jpg,cereza
imagen_283.jpg,cereza
imagen_285.jpg,cereza
imagen_287.jpg,cereza
imagen_288.jpg,cereza
imagen_290.jpg,cereza
imagen_944.jpg,ciruela
imagen_951.jpg,ciruela
imagen_957.jpg,ciruela
imagen_959.jpg,ciruela
imagen_960.jpg,ciruela
imagen_962.jpg,ciruela
imagen_964.jpg,ciruela
imagen_965.jpg,ciruela
imagen_968.jpg,ciruela
imagen_969.jpg,ciruela
imagen_970.jpg,ciruela
imagen_971.jpg,ciruela
imagen_973.jpg,ciruela
imagen_974.jpg,ciruela
imagen_975.jpg,ciruela
imagen_978.jpg,ciruela
imagen_979.jpg,ciruela
imagen_980.jpg,ciruela
imagen_981.jpg,ciruela
imagen_982.jpg,ciruela
imagen_983.jpg,ciruela
imagen_987.jpg,ciruela
imagen_989.jpg,ciruela
imagen_990.jpg,ciruela
imagen_991.jpg,ciruela
imagen_992.jpg,ciruela
imagen_993.jpg,ciruela amarilla
imagen_994.jpg,ciruela amarilla
imagen_995.jpg,ciruela amarilla
imagen_996.jpg,ciruela amarilla
imagen_997.jpg,ciruela amarilla
imagen_998.jpg,ciruela amarilla
imagen_1005.jpg,ciruela amarilla
imagen_1006.jpg,ciruela amarilla
imagen_1007.jpg,ciruela amarilla
imagen_1009.jpg,ciruela amarilla
imagen_1012.jpg,ciruela amarilla
imagen_1016.jpg,ciruela amarilla
imagen_1051.jpg,coco
imagen_1053.jpg,coco
imagen_1054.jpg,coco
imagen_1056.jpg,coco
imagen_1057.jpg,coco
imagen_1058.jpg,coco
imagen_1059.jpg,coco
imagen_1060.jpg,coco
imagen_1061.jpg,coco
imagen_1062.jpg,coco
imagen_1063.jpg,coco
imagen_1064.jpg,coco
imagen_1065.jpg,coco
imagen_1066.jpg,coco
imagen_1067.jpg,coco
imagen_1068.jpg,coco
imagen_1069.jpg,coco
imagen_1071.jpg,coco
imagen_888.jpg,durazno
imagen_893.jpg,durazno
imagen_900.jpg,durazno
imagen_902.jpg,durazno
imagen_912.jpg,durazno
imagen_913.jpg,durazno
imagen_914.jpg,durazno
imagen_915.jpg,durazno
imagen_917.jpg,durazno
imagen_918.jpg,durazno
imagen_919.jpg,durazno
imagen_920.jpg,durazno
imagen_921.jpg,durazno
imagen_922.jpg,durazno
imagen_923.jpg,durazno
imagen_924.jpg,durazno
imagen_925.jpg,durazno
imagen_926.jpg,durazno
imagen_928.jpg,durazno
imagen_929.jpg,durazno
imagen_930.jpg,durazno
imagen_931.jpg,durazno
imagen_932.jpg,durazno
imagen_933.jpg,durazno
imagen_934.jpg,durazno
imagen_935.jpg,durazno
imagen_856.jpg,frambuesa
imagen_857.jpg,frambuesa
imagen_858.jpg,frambuesa
imagen_859.jpg,frambuesa
imagen_863.jpg,frambuesa
imagen_874.jpg,frambuesa
imagen_875.jpg,frambuesa
imagen_876.jpg,frambuesa
imagen_877.jpg,frambuesa
imagen_878.jpg,frambuesa
imagen_880.jpg,frambuesa
imagen_882.jpg,frambuesa
imagen_883.jpg,frambuesa
imagen_884.jpg,frambuesa
imagen_886.jpg,frambuesa
imagen_9.jpg,frutilla
imagen_11.jpg,frutilla
imagen_12.jpg,frutilla
imagen_18.jpg,frutilla
imagen_29.jpg,frutilla
imagen_33.jpg,frutilla
imagen_34.jpg,frutilla
imagen_36.jpg,frutilla
imagen_38.jpg,frutilla
imagen_40.jpg,frutilla
imagen_47.jpg,frutilla
imagen_50.jpg,frutilla
imagen_52.jpg,frutilla
imagen_53.jpg,frutilla
imagen_55.jpg,frutilla
imagen_57.jpg,frutilla
imagen_58.jpg,frutilla
imagen_60.jpg,frutilla
imagen_63.jpg,frutilla
imagen_90.jpg,frutilla
imagen_100.jpg,frutilla
imagen_114.jpg,frutilla
imagen_259.jpg,granada
imagen_261.jpg,granada
imagen_262.jpg,granada
imagen_263.jpg,granada
imagen_264.jpg,granada
imagen_265.jpg,granada
imagen_266.jpg,granada
imagen_267.jpg,granada
imagen_2609.jpg,granada
imagen_2610.jpg,granada
imagen_2611.jpg,granada
imagen_2612.jpg,granada
imagen_2613.jpg,granada
imagen_2614.jpg,granada
imagen_2615.jpg,granada
imagen_2617.jpg,granada
imagen_2618.jpg,granada
imagen_2621.jpg,granada
imagen_2622.jpg,granada
imagen_2623.jpg,granada
imagen_2624.jpg,granada
imagen_2628.jpg,granada
imagen_2629.jpg,granada
imagen_2631.jpg,granada
imagen_2632.jpg,granada
imagen_2633.jpg,granada
imagen_2634.jpg,granada
imagen_2635.jpg,granada
imagen_2636.jpg,granada
imagen_2637.jpg,granada
imagen_2639.jpg,granada
imagen_2642.jpg,granada
imagen_2643.jpg,granada
imagen_2647.jpg,granada
imagen_2649.jpg,granada
imagen_2650.jpg,granada
imagen_2651.jpg,granada
imagen_2652.jpg,granada
imagen_2653.jpg,granada
imagen_2657.jpg,granada
imagen_2658.jpg,granada
imagen_2660.jpg,granada
imagen_2661.jpg,granada
imagen_2663.jpg,granada
imagen_2664.jpg,granada
imagen_2665.jpg,granada
imagen_2668.jpg,granada
imagen_2675.jpg,granada
imagen_2676.jpg,granada
imagen_2678.jpg,granada
imagen_2679.jpg,granada
imagen_2680.jpg,granada
imagen_2683.jpg,granada
imagen_2685.jpg,granada
imagen_2686.jpg,granada
imagen_2687.jpg,granada
imagen_1017.jpg,higo
imagen_1018.jpg,higo
imagen_1023.jpg,higo
imagen_1025.jpg,higo
imagen_1026.jpg,higo
imagen_1029.jpg,higo
imagen_1032.jpg,higo
imagen_1033.jpg,higo
imagen_1034.jpg,higo
imagen_1035.jpg,higo
imagen_1036.jpg,higo
imagen_1037.jpg,higo
imagen_1038.jpg,higo
imagen_1042.jpg,higo
imagen_1044.jpg,higo
imagen_1049.jpg,higo
imagen_1050.jpg,higo
imagen_129.jpg,jengibre
imagen_130.jpg,jengibre
imagen_132.jpg,jengibre
imagen_133.jpg,jengibre
imagen_134.jpg,jengibre
imagen_135.jpg,jengibre
imagen_136.jpg,jengibre
imagen_137.jpg,jengibre
imagen_138.jpg,jengibre
imagen_1466.jpg,jengibre
imagen_1467.jpg,jengibre
imagen_1468.jpg,jengibre
imagen_1470.jpg,jengibre
imagen_1472.jpg,jengibre
imagen_1473.jpg,jengibre
imagen_1474.jpg,jengibre
imagen_1475.jpg,jengibre
imagen_1477.jpg,jengibre
imagen_1478.jpg,jengibre
imagen_1480.jpg,jengibre
imagen_1481.jpg,jengibre
imagen_1482.jpg,jengibre
imagen_1483.jpg,jengibre
imagen_1484.jpg,jengibre
imagen_1485.jpg,jengibre
imagen_1486.jpg,jengibre
imagen_1487.jpg,jengibre
imagen_1488.jpg,jengibre
imagen_1489.jpg,jengibre
imagen_1490.jpg,jengibre
imagen_1491.jpg,jengibre
imagen_1492.jpg,jengibre
imagen_1495.jpg,jengibre
imagen_1498.jpg,jengibre
imagen_1499.jpg,jengibre
imagen_1504.jpg,jengibre
imagen_1506.jpg,jengibre
imagen_1507.jpg,jengibre
imagen_1509.jpg,jengibre
imagen_1516.jpg,jengibre
imagen_1517.jpg,jengibre
imagen_1518.jpg,jengibre
imagen_1524.jpg,jengibre
imagen_1525.jpg,jengibre
imagen_1527.jpg,jengibre
imagen_1528.jpg,jengibre
imagen_1529.jpg,jengibre
imagen_1532.jpg,jengibre
imagen_1533.jpg,jengibre
imagen_3602.jpg,jengibre
imagen_3603.jpg,jengibre
imagen_3604.jpg,jengibre
imagen_3605.jpg,jengibre
imagen_3606.jpg,jengibre
imagen_3607.jpg,jengibre
imagen_3608.jpg,jengibre
imagen_159.jpg,kiwi
imagen_160.jpg,kiwi
imagen_161.jpg,kiwi
imagen_162.jpg,kiwi
imagen_163.jpg,kiwi
imagen_164.jpg,kiwi
imagen_165.jpg,kiwi
imagen_166.jpg,kiwi
imagen_167.jpg,kiwi
imagen_168.jpg,kiwi
imagen_1722.jpg,kiwi
imagen_1723.jpg,kiwi
imagen_1724.jpg,kiwi
imagen_1725.jpg,kiwi
imagen_1726.jpg,kiwi
imagen_1727.jpg,kiwi
imagen_1728.jpg,kiwi
imagen_1729.jpg,kiwi
imagen_1730.jpg,kiwi
imagen_1731.jpg,kiwi
imagen_1732.jpg,kiwi
imagen_1733.jpg,kiwi
imagen_1734.jpg,kiwi
imagen_1737.jpg,kiwi
imagen_1738.jpg,kiwi
imagen_1739.jpg,kiwi
imagen_1740.jpg,kiwi
imagen_1741.jpg,kiwi
imagen_1743.jpg,kiwi
imagen_1744.jpg,kiwi
imagen_1745.jpg,kiwi
imagen_1746.jpg,kiwi
imagen_1747.jpg,kiwi
imagen_1748.jpg,kiwi
imagen_1750.jpg,kiwi
imagen_1751.jpg,kiwi
imagen_1754.jpg,kiwi
imagen_1755.jpg,kiwi
imagen_1760.jpg,kiwi
imagen_1761.jpg,kiwi
imagen_1762.jpg,kiwi
imagen_1763.jpg,kiwi
imagen_1765.jpg,kiwi
imagen_1767.jpg,kiwi
imagen_1768.jpg,kiwi
imagen_1769.jpg,kiwi
imagen_1770.jpg,kiwi
imagen_1771.jpg,kiwi
imagen_1773.jpg,kiwi
imagen_1775.jpg,kiwi
imagen_1776.jpg,kiwi
imagen_1777.jpg,kiwi
imagen_1778.jpg,kiwi
imagen_1779.jpg,kiwi
imagen_1781.jpg,kiwi
imagen_1782.jpg,kiwi
imagen_1783.jpg,kiwi
imagen_1784.jpg,kiwi
imagen_1786.jpg,kiwi
imagen_1787.jpg,kiwi
imagen_1790.jpg,kiwi
imagen_1792.jpg,kiwi
imagen_1793.jpg,kiwi
imagen_1794.jpg,kiwi
imagen_1795.jpg,kiwi
imagen_1799.jpg,kiwi
imagen_1802.jpg,kiwi
imagen_1804.jpg,kiwi
imagen_1805.jpg,kiwi
imagen_1806.jpg,kiwi
imagen_1807.jpg,kiwi
imagen_1808.jpg,kiwi
imagen_1809.jpg,kiwi
imagen_3628.jpg,kiwi
imagen_3629.jpg,kiwi
imagen_3630.jpg,kiwi
imagen_3631.jpg,kiwi
imagen_3632.jpg,kiwi
imagen_3633.jpg,kiwi
imagen_3634.jpg,kiwi
imagen_3635.jpg,kiwi
imagen_3636.jpg,kiwi
imagen_3637.jpg,kiwi
imagen_1120.jpg,lima
imagen_1125.jpg,lima
imagen_1126.jpg,lima
imagen_1128.jpg,lima
imagen_1129.jpg,lima
imagen_1130.jpg,lima
imagen_1132.jpg,lima
imagen_1137.jpg,lima
imagen_1138.jpg,lima
imagen_1139.jpg,lima
imagen_1140.jpg,lima
imagen_1143.jpg,lima
imagen_1144.jpg,lima
imagen_1145.jpg,lima
imagen_1146.jpg,lima
imagen_1147.jpg,lima
imagen_169.jpg,limón
imagen_170.jpg,limón
imagen_171.jpg,limón
imagen_172.jpg,limón
imagen_173.jpg,limón
imagen_174.jpg,limón
imagen_175.jpg,limón
imagen_176.jpg,limón
imagen_177.jpg,limón
imagen_178.jpg,limón
imagen_1810.jpg,limón
imagen_1811.jpg,limón
imagen_1812.jpg,limón
imagen_1813.jpg,limón
imagen_1814.jpg,limón
imagen_1815.jpg,limón
imagen_1816.jpg,limón
imagen_1817.jpg,limón
imagen_1818.jpg,limón
imagen_1819.jpg,limón
imagen_1821.jpg,limón
imagen_1822.jpg,limón
imagen_1823.jpg,limón
imagen_1824.jpg,limón
imagen_1825.jpg,limón
imagen_1826.jpg,limón
imagen_1828.jpg,limón
imagen_1829.jpg,limón
imagen_1830.jpg,limón
imagen_1831.jpg,limón
imagen_1832.jpg,limón
imagen_1833.jpg,limón
imagen_1834.jpg,limón
imagen_1836.jpg,limón
imagen_1837.jpg,limón
imagen_1839.jpg,limón
imagen_1840.jpg,limón
imagen_1842.jpg,limón
imagen_1843.jpg,limón
imagen_1844.jpg,limón
imagen_1845.jpg,limón
imagen_1846.jpg,limón
imagen_1848.jpg,limón
imagen_1851.jpg,limón
imagen_1855.jpg,limón
imagen_1856.jpg,limón
imagen_1857.jpg,limón
imagen_1858.jpg,limón
imagen_1859.jpg,limón
imagen_1860.jpg,limón
imagen_1861.jpg,limón
imagen_1863.jpg,limón
imagen_1867.jpg,limón
imagen_1868.jpg,limón
imagen_1873.jpg,limón
imagen_1878.jpg,limón
imagen_1879.jpg,limón
imagen_1880.jpg,limón
imagen_1882.jpg,limón
imagen_1885.jpg,limón
imagen_1888.jpg,limón
imagen_1889.jpg,limón
imagen_1890.jpg,limón
imagen_1891.jpg,limón
imagen_3638.jpg,limón
imagen_3639.jpg,limón
imagen_3640.jpg,limón
imagen_3641.jpg,limón
imagen_3642.jpg,limón
imagen_3643.jpg,limón
imagen_3644.jpg,limón
imagen_3645.jpg,limón
imagen_3646.jpg,limón
imagen_601.jpg,mandarina
imagen_602.jpg,mandarina
imagen_606.jpg,mandarina
imagen_607.jpg,mandarina
imagen_610.jpg,mandarina
imagen_614.jpg,mandarina
imagen_615.jpg,mandarina
imagen_617.jpg,mandarina
imagen_618.jpg,mandarina
imagen_619.jpg,mandarina
imagen_622.jpg,mandarina
imagen_625.jpg,mandarina
imagen_630.jpg,mandarina
imagen_633.jpg,mandarina
imagen_636.jpg,mandarina
imagen_638.jpg,mandarina
imagen_639.jpg,mandarina
imagen_640.jpg,mandarina
imagen_641.jpg,mandarina
imagen_643.jpg,mandarina
imagen_646.jpg,mandarina
imagen_647.jpg,mandarina
imagen_648.jpg,mandarina
imagen_649.jpg,mandarina
imagen_651.jpg,mandarina
imagen_190.jpg,mango
imagen_191.jpg,mango
imagen_192.jpg,mango
imagen_193.jpg,mango
imagen_194.jpg,mango
imagen_195.jpg,mango
imagen_196.jpg,mango
imagen_197.jpg,mango
imagen_198.jpg,mango
imagen_1989.jpg,mango
imagen_1990.jpg,mango
imagen_1991.jpg,mango
imagen_1992.jpg,mango
imagen_1995.jpg,mango
imagen_1996.jpg,mango
imagen_1997.jpg,mango
imagen_1998.jpg,mango
imagen_2000.jpg,mango
imagen_2001.jpg,mango
imagen_2002.jpg,mango
imagen_2003.jpg,mango
imagen_2005.jpg,mango
imagen_2006.jpg,mango
imagen_2008.jpg,mango
imagen_2011.jpg,mango
imagen_2012.jpg,mango
imagen_2013.jpg,mango
imagen_2014.jpg,mango
imagen_2017.jpg,mango
imagen_2018.jpg,mango
imagen_2019.jpg,mango
imagen_2022.jpg,mango
imagen_2023.jpg,mango
imagen_2026.jpg,mango
imagen_2032.jpg,mango
imagen_2033.jpg,mango
imagen_2034.jpg,mango
imagen_2035.jpg,mango
imagen_2036.jpg,mango
imagen_2051.jpg,mango
imagen_2053.jpg,mango
imagen_2054.jpg,mango
imagen_2056.jpg,mango
imagen_2057.jpg,mango
imagen_2063.jpg,mango
imagen_2064.jpg,mango
imagen_2065.jpg,mango
imagen_2066.jpg,mango
imagen_2067.jpg,mango
imagen_2068.jpg,mango
imagen_2069.jpg,mango
imagen_2070.jpg,mango
imagen_2071.jpg,mango
imagen_2072.jpg,mango
imagen_2073.jpg,mango
imagen_2074.jpg,mango
imagen_0.jpg,manzana
imagen_1.jpg,manzana
imagen_2.jpg,manzana
imagen_3.jpg,manzana
imagen_6.jpg,manzana
imagen_7.jpg,manzana
imagen_8.jpg,manzana
imagen_360.jpg,manzana
imagen_366.jpg,manzana
imagen_369.jpg,manzana
imagen_370.jpg,manzana
imagen_374.jpg,manzana
imagen_375.jpg,manzana
imagen_376.jpg,manzana
imagen_377.jpg,manzana
imagen_378.jpg,manzana
imagen_381.jpg,manzana
imagen_382.jpg,manzana
imagen_383.jpg,manzana
imagen_384.jpg,manzana
imagen_385.jpg,manzana
imagen_400.jpg,manzana
imagen_418.jpg,manzana
imagen_426.jpg,manzana
imagen_3474.jpg,manzana
imagen_3476.jpg,manzana
imagen_3477.jpg,manzana
imagen_3480.jpg,manzana
imagen_3481.jpg,manzana
imagen_3482.jpg,manzana
imagen_392.jpg,manzana verde
imagen_402.jpg,manzana verde
imagen_407.jpg,manzana verde
imagen_413.jpg,manzana verde
imagen_415.jpg,manzana verde
imagen_833.jpg,mora
imagen_834.jpg,mora
imagen_838.jpg,mora
imagen_840.jpg,mora
imagen_841.jpg,mora
imagen_842.jpg,mora
imagen_844.jpg,mora
imagen_846.jpg,mora
imagen_847.jpg,mora
imagen_849.jpg,mora
imagen_850.jpg,mora
imagen_851.jpg,mora
imagen_852.jpg,mora
imagen_853.jpg,mora
imagen_855.jpg,mora
imagen_209.jpg,naranja
imagen_212.jpg,naranja
imagen_213.jpg,naranja
imagen_214.jpg,naranja
imagen_215.jpg,naranja
imagen_216.jpg,naranja
imagen_217.jpg,naranja
imagen_218.jpg,naranja
imagen_2049.jpg,naranja
imagen_2169.jpg,naranja
imagen_2171.jpg,naranja
imagen_2174.jpg,naranja
imagen_2175.jpg,naranja
imagen_2177.jpg,naranja
imagen_2182.jpg,naranja
imagen_2183.jpg,naranja
imagen_2184.jpg,naranja
imagen_2185.jpg,naranja
imagen_2187.jpg,naranja
imagen_2188.jpg,naranja
imagen_2191.jpg,naranja
imagen_2192.jpg,naranja
imagen_2195.jpg,naranja
imagen_2201.jpg,naranja
imagen_2202.jpg,naranja
imagen_2206.jpg,naranja
imagen_2208.jpg,naranja
imagen_2213.jpg,naranja
imagen_2219.jpg,naranja
imagen_2227.jpg,naranja
imagen_2232.jpg,naranja
imagen_2235.jpg,naranja
imagen_2237.jpg,naranja
imagen_1074.jpg,papaya
imagen_1075.jpg,papaya
imagen_1076.jpg,papaya
imagen_1078.jpg,papaya
imagen_1079.jpg,papaya
imagen_1080.jpg,papaya
imagen_1081.jpg,papaya
imagen_1087.jpg,papaya
imagen_1088.jpg,papaya
imagen_1089.jpg,papaya
imagen_1090.jpg,papaya
imagen_1091.jpg,papaya
imagen_1092.jpg,papaya
imagen_1093.jpg,papaya
imagen_1094.jpg,papaya
imagen_1095.jpg,papaya
imagen_1096.jpg,papaya
imagen_1097.jpg,papaya
imagen_1098.jpg,papaya
imagen_1101.jpg,papaya
imagen_1103.jpg,papaya
imagen_1104.jpg,papaya
imagen_1105.jpg,papaya
imagen_1106.jpg,papaya
imagen_1107.jpg,papaya
imagen_1110.jpg,papaya
imagen_1116.jpg,papaya
imagen_1118.jpg,papaya
imagen_1119.jpg,papaya
imagen_229.jpg,pera
imagen_230.jpg,pera
imagen_231.jpg,pera
imagen_232.jpg,pera
imagen_233.jpg,pera
imagen_234.jpg,pera
imagen_235.jpg,pera
imagen_236.jpg,pera
imagen_237.jpg,pera
imagen_238.jpg,pera
imagen_2321.jpg,pera
imagen_2322.jpg,pera
imagen_2323.jpg,pera
imagen_2324.jpg,pera
imagen_2325.jpg,pera
imagen_2326.jpg,pera
imagen_2327.jpg,pera
imagen_2328.jpg,pera
imagen_2329.jpg,pera
imagen_2330.jpg,pera
imagen_2331.jpg,pera
imagen_2332.jpg,pera
imagen_2333.jpg,pera
imagen_2334.jpg,pera
imagen_2335.jpg,pera
imagen_2337.jpg,pera
imagen_2338.jpg,pera
imagen_2339.jpg,pera
imagen_2341.jpg,pera
imagen_2342.jpg,pera
imagen_2344.jpg,pera
imagen_2345.jpg,pera
imagen_2346.jpg,pera
imagen_2347.jpg,pera
imagen_2348.jpg,pera
imagen_2349.jpg,pera
imagen_2355.jpg,pera
imagen_2356.jpg,pera
imagen_2358.jpg,pera
imagen_2359.jpg,pera
imagen_2360.jpg,pera
imagen_2361.jpg,pera
imagen_2362.jpg,pera
imagen_2364.jpg,pera
imagen_2365.jpg,pera
imagen_2366.jpg,pera
imagen_2369.jpg,pera
imagen_2372.jpg,pera
imagen_2373.jpg,pera
imagen_2375.jpg,pera
imagen_2376.jpg,pera
imagen_2377.jpg,pera
imagen_2378.jpg,pera
imagen_2379.jpg,pera
imagen_2381.jpg,pera
imagen_2384.jpg,pera
imagen_2385.jpg,pera
imagen_2386.jpg,pera
imagen_2387.jpg,pera
imagen_2388.jpg,pera
imagen_2389.jpg,pera
imagen_2390.jpg,pera
imagen_2391.jpg,pera
imagen_2394.jpg,pera
imagen_2395.jpg,pera
imagen_2399.jpg,pera
imagen_2400.jpg,pera
imagen_2402.jpg,pera
imagen_2405.jpg,pera
imagen_2406.jpg,pera
imagen_2407.jpg,pera
imagen_2408.jpg,pera
imagen_2409.jpg,pera
imagen_3696.jpg,pera
imagen_3697.jpg,pera
imagen_3699.jpg,pera
imagen_3700.jpg,pera
imagen_3701.jpg,pera
imagen_3703.jpg,pera
imagen_738.jpg,pomelo
imagen_739.jpg,pomelo
imagen_740.jpg,pomelo
imagen_741.jpg,pomelo
imagen_743.jpg,pomelo
imagen_744.jpg,pomelo
imagen_746.jpg,pomelo
imagen_747.jpg,pomelo
imagen_748.jpg,pomelo
imagen_750.jpg,pomelo
imagen_758.jpg,pomelo
imagen_349.jpg,sandía
imagen_350.jpg,sandía
imagen_351.jpg,sandía
imagen_353.jpg,sandía
imagen_354.jpg,sandía
imagen_355.jpg,sandía
imagen_356.jpg,sandía
imagen_357.jpg,sandía
imagen_358.jpg,sandía
imagen_3390.jpg,sandía
imagen_3391.jpg,sandía
imagen_3392.jpg,sandía
imagen_3394.jpg,sandía
imagen_3395.jpg,sandía
imagen_3396.jpg,sandía
imagen_3397.jpg,sandía
imagen_3398.jpg,sandía
imagen_3399.jpg,sandía
imagen_3400.jpg,sandía
imagen_3402.jpg,sandía
imagen_3403.jpg,sandía
imagen_3404.jpg,sandía
imagen_3405.jpg,sandía
imagen_3406.jpg,sandía
imagen_3407.jpg,sandía
imagen_3408.jpg,sandía
imagen_3410.jpg,sandía
imagen_3412.jpg,sandía
imagen_3414.jpg,sandía
imagen_3415.jpg,sandía
imagen_3417.jpg,sandía
imagen_3418.jpg,sandía
imagen_3421.jpg,sandía
imagen_3422.jpg,sandía
imagen_3423.jpg,sandía
imagen_3424.jpg,sandía
imagen_3426.jpg,sandía
imagen_3428.jpg,sandía
imagen_3432.jpg,sandía
imagen_3433.jpg,sandía
imagen_3434.jpg,sandía
imagen_3435.jpg,sandía
imagen_3437.jpg,sandía
imagen_3438.jpg,sandía
imagen_3439.jpg,sandía
imagen_3442.jpg,sandía
imagen_3443.jpg,sandía
imagen_3444.jpg,sandía
imagen_3449.jpg,sandía
imagen_3451.jpg,sandía
imagen_3452.jpg,sandía
imagen_3455.jpg,sandía
imagen_3456.jpg,sandía
imagen_3457.jpg,sandía
imagen_3458.jpg,sandía
imagen_3460.jpg,sandía
imagen_3461.jpg,sandía
imagen_3462.jpg,sandía
imagen_3463.jpg,sandía
imagen_3464.jpg,sandía
imagen_3467.jpg,sandía
imagen_3469.jpg,sandía
imagen_3471.jpg,sandía
imagen_3472.jpg,sandía
imagen_144.jpg,uva blanca
imagen_1536.jpg,uva blanca
imagen_1540.jpg,uva blanca
imagen_1543.jpg,uva blanca
imagen_1548.jpg,uva blanca
imagen_1550.jpg,uva blanca
imagen_1551.jpg,uva blanca
imagen_1559.jpg,uva blanca
imagen_1563.jpg,uva blanca
imagen_1567.jpg,uva blanca
imagen_1571.jpg,uva blanca
imagen_1574.jpg,uva blanca
imagen_1577.jpg,uva blanca
imagen_1579.jpg,uva blanca
imagen_1581.jpg,uva blanca
imagen_1589.jpg,uva blanca
imagen_1594.jpg,uva blanca
imagen_1601.jpg,uva blanca
imagen_1606.jpg,uva blanca
imagen_1607.jpg,uva blanca
imagen_1621.jpg,uva blanca
imagen_139.jpg,uva negra
imagen_140.jpg,uva negra
imagen_142.jpg,uva negra
imagen_143.jpg,uva negra
imagen_145.jpg,uva negra
imagen_146.jpg,uva negra
imagen_147.jpg,uva negra
imagen_1537.jpg,uva negra
imagen_1541.jpg,uva negra
imagen_1544.jpg,uva negra
imagen_1546.jpg,uva negra
imagen_1549.jpg,uva negra
imagen_1552.jpg,uva negra
imagen_1556.jpg,uva negra
imagen_1561.jpg,uva negra
imagen_1565.jpg,uva negra
imagen_1568.jpg,uva negra
imagen_1569.jpg,uva negra
imagen_1572.jpg,uva negra
imagen_1573.jpg,uva negra
imagen_1576.jpg,uva negra
imagen_1585.jpg,uva negra
imagen_1586.jpg,uva negra
imagen_1587.jpg,uva negra
imagen_1591.jpg,uva negra
imagen_1592.jpg,uva negra
imagen_1593.jpg,uva negra
imagen_1595.jpg,uva negra
imagen_1596.jpg,uva negra
imagen_1600.jpg,uva negra
imagen_1603.jpg,uva negra
imagen_1605.jpg,uva negra
imagen_1612.jpg,uva negra
imagen_1613.jpg,uva negra
imagen_1614.jpg,uva negra
imagen_1622.jpg,uva negra
imagen_1623.jpg,uva negra
imagen_1626.jpg,uva negra
imagen_1627.jpg,uva negra
imagen_1631.jpg,uva negra
imagen_1633.jpg,uva negra
imagen_1534.jpg,uva rosada
imagen_1535.jpg,uva rosada
imagen_1545.jpg,uva rosada
imagen_1547.jpg,uva rosada
imagen_1562.jpg,uva rosada
imagen_1566.jpg,uva rosada
imagen_1570.jpg,uva rosada
imagen_1575.jpg,uva rosada
imagen_1578.jpg,uva rosada
imagen_1584.jpg,uva rosada
imagen_1590.jpg,uva rosada
imagen_1597.jpg,uva rosada
imagen_1599.jpg,uva rosada
imagen_1602.jpg,uva rosada
imagen_1615.jpg,uva rosada
imagen_1619.jpg,uva rosada
imagen_1620.jpg,uva rosada
imagen_1624.jpg,uva rosada
imagen_1628.jpg,uva rosada
imagen_1630.jpg,uva rosada
imagen_1523.jpg,"jengibre, limón"
imagen_1151.jpg,"limón, lima"
imagen_1153.jpg,"manzana verde, durazno, banana, ananá, naranja, limón, mango"
imagen_419.jpg,"manzana, manzana verde"
imagen_1154.jpg,"manzana, manzana verde, naranja, mandarina, granada, banana, kiwi"
imagen_936.jpg,"mora, frambuesa, arándano"
imagen_938.jpg,"mora, frambuesa, arándano, frutilla"
imagen_941.jpg,"naranja, frutilla, arándano, kiwi, durazno, uva rosada"
imagen_759.jpg,"naranja, limón"
imagen_765.jpg,"naranja, limón"
imagen_774.jpg,"naranja, limón, mandarina, palta, mango"
imagen_767.jpg,"naranja, limón, mandarina, pomelo"
imagen_768.jpg,"naranja, limón, mandarina, pomelo"
imagen_770.jpg,"naranja, limón, mandarina, pomelo"
imagen_771.jpg,"naranja, limón, mandarina, pomelo"
imagen_752.jpg,"naranja, limón, pomelo"
imagen_753.jpg,"naranja, limón, pomelo"
imagen_757.jpg,"naranja, limón, pomelo"
imagen_764.jpg,"naranja, limón, pomelo"
imagen_766.jpg,"naranja, limón, pomelo"
imagen_761.jpg,"naranja, limón, pomelo, kiwi, manzana verde"
imagen_1150.jpg,"naranja, limón, pomelo, lima"
imagen_653.jpg,"naranja, mandarina"
imagen_654.jpg,"naranja, mandarina"
imagen_655.jpg,"naranja, mandarina"
imagen_660.jpg,"naranja, mandarina"
imagen_661.jpg,"naranja, mandarina"
imagen_663.jpg,"naranja, mandarina"
imagen_664.jpg,"naranja, mandarina"
imagen_665.jpg,"naranja, mandarina"
imagen_666.jpg,"naranja, mandarina"
imagen_667.jpg,"naranja, mandarina"
imagen_668.jpg,"naranja, mandarina"
imagen_1148.jpg,"naranja, mandarina, limón, pomelo, lima"
imagen_937.jpg,"pomelo, sandía, frutilla, cereza, arándano, kiwi, frambuesa"
imagen_1538.jpg,"uva blanca, uva rosada"
imagen_1560.jpg,"uva blanca, uva rosada"
imagen_1598.jpg,"uva blanca, uva rosada"
imagen_148.jpg,"uva negra, uva blanca"
imagen_141.jpg,"uva negra, uva blanca, uva rosada"
imagen_1557.jpg,"uva negra, uva blanca, uva rosada"
imagen_1580.jpg,"uva negra, uva blanca, uva rosada"
imagen_1609.jpg,"uva negra, uva blanca, uva rosada"
imagen_1632.jpg,"uva negra, uva blanca, uva rosada"
imagen_1225.jpg,arroz
imagen_1226.jpg,arroz
imagen_1229.jpg,arroz
imagen_1230.jpg,arroz
imagen_1231.jpg,arroz
imagen_1233.jpg,arroz
imagen_1234.jpg,arroz
imagen_1235.jpg,arroz
imagen_1238.jpg,arroz
imagen_1239.jpg,arroz
imagen_1240.jpg,arroz
imagen_1242.jpg,arroz
imagen_1244.jpg,arroz
imagen_1247.jpg,arroz
imagen_1248.jpg,arroz
imagen_1249.jpg,arroz
imagen_1253.jpg,arroz
imagen_1254.jpg,arroz
imagen_1262.jpg,arroz
imagen_1263.jpg,arroz
imagen_1264.jpg,fideo
imagen_1266.jpg,fideo
imagen_1267.jpg,fideo
imagen_1269.jpg,fideo
imagen_1270.jpg,fideo
imagen_1271.jpg,fideo
imagen_1274.jpg,fideo
imagen_1275.jpg,fideo
imagen_1276.jpg,fideo
imagen_1278.jpg,fideo
imagen_1279.jpg,fideo
imagen_1280.jpg,fideo
imagen_1281.jpg,fideo
imagen_1282.jpg,fideo
imagen_1286.jpg,fideo
imagen_1291.jpg,fideo
imagen_1292.jpg,fideo
imagen_1155.jpg,huevo
imagen_1156.jpg,huevo
imagen_1157.jpg,huevo
imagen_1161.jpg,huevo
imagen_1162.jpg,huevo
imagen_1163.jpg,huevo
imagen_1164.jpg,huevo
imagen_1167.jpg,huevo
imagen_1168.jpg,huevo
imagen_1170.jpg,huevo
imagen_1171.jpg,huevo
imagen_1172.jpg,huevo
imagen_1174.jpg,huevo
imagen_1178.jpg,huevo
imagen_1179.jpg,huevo
imagen_1180.jpg,huevo
imagen_1182.jpg,huevo
imagen_1183.jpg,huevo
imagen_1184.jpg,huevo
imagen_1187.jpg,huevo
imagen_1188.jpg,huevo
imagen_1189.jpg,huevo
imagen_1190.jpg,huevo
imagen_1192.jpg,huevo
imagen_1197.jpg,huevo
imagen_1201.jpg,huevo
imagen_1205.jpg,huevo
imagen_1214.jpg,huevo
imagen_1220.jpg,huevo
imagen_1222.jpg,huevo
imagen_1223.jpg,huevo
imagen_1224.jpg,huevo
imagen_1317.jpg,maní
imagen_1318.jpg,maní
imagen_1321.jpg,maní
imagen_1323.jpg,maní
imagen_1324.jpg,maní
imagen_1326.jpg,maní
imagen_1328.jpg,maní
imagen_1329.jpg,maní
imagen_1330.jpg,maní
imagen_1331.jpg,maní
imagen_1332.jpg,maní
imagen_1333.jpg,maní
imagen_1334.jpg,maní
imagen_1337.jpg,maní
imagen_1338.jpg,maní
imagen_1340.jpg,maní
imagen_1341.jpg,maní
imagen_1343.jpg,maní
imagen_1344.jpg,maní
imagen_1346.jpg,maní
imagen_1347.jpg,maní
imagen_1348.jpg,maní
imagen_1349.jpg,maní
imagen_1350.jpg,maní
imagen_1351.jpg,maní
imagen_1352.jpg,maní
imagen_3600.jpg,imagenes_claras/imagen_3600.jpg
